nom;url
Google;https://careers.google.com
Candidat p√¥le emploi;https://candidat.pole-emploi.fr/offres/
Career;https://www.careerbuilder.com/
ChooseYourBoss;https://www.chooseyourboss.com/
developpez.com;https://emploi.developpez.com/
Dice;https://www.dice.com/
Extia;https://www.extia-group.com/?profile=candidate
Gentis;https://gentisrecruitment.com/fr/jobs/
Github careers;https://github.com/about/careers
Glassdoor;https://www.glassdoor.fr/index.htm
Jobgether;https://jobgether.com/fr
Jobs that makesense;https://jobs.makesense.org/en
Keljob;https://www.keljob.com/
lesjeudis;https://www.lesjeudis.com/
LinkedIn;https://www.linkedin.com/home
Maddy Jobs;https://www.maddyjobs.com
Meteojob;https://www.meteojob.com/
Monster.fr;https://monster.fr
OpenClassrooms Jobs;https://jobs.openclassrooms.com
Otta;https://otta.com
Oui emploi;https://oui-emploi.fr/fr/job/
ParisJob;https://www.parisjob.com/emploi-developpeur-informatique.html
Provide Up http://blog.emploi.provideup.com/category/recrutement/
Recrutonsensemble.com;https://www.recrutonsensemble.com/
RegionsJob;https://www.regionsjob.com/
Simplyhired;https://www.simplyhired.fr/
Talent.io;https://www.talent.io/p/fr-fr/home
Upwork;https://www.upwork.com/
Wanted.jobs;https://www.wanted.jobs/
Welcome to the Jungle;https://www.welcometothejungle.com/fr/jobs
Wizbii;https://www.wizbii.com/#jobs